Name,Image,Price
Vami Sleeve- less Thermal Top For Women in Off- White  Color,www.bonjourretail.com/cdn/shop/products/694A4224-final-m.jpg?v=1619694980,449.00
Vami Sleeve- less Thermal Top For Women in Skin Color,www.bonjourretail.com/cdn/shop/products/694A4162-final-m.jpg?v=1619694958,449.00
Women's Regular Comfort Fit Full Sleeve Round Neck Winter Velvet Polka Prints Top And Pyjama Set - Red,www.bonjourretail.com/cdn/shop/products/VM11014-PR005-4.jpg?v=1670994454,"1,259.00"
Men Cushioned White Secret Length Sports Socks- Pack of 3,www.bonjourretail.com/cdn/shop/products/BRO7002S_a64acf44-f77a-45ce-afdd-2888bd2e96b1.jpg?v=1619692915,349.00
Men Cotton Odour Free Plain Socks,www.bonjourretail.com/cdn/shop/products/ZS9901-Anthra.jpg?v=1621837424,140.00
Men's Cotton Argyle Designer Signature Socks - Scarlet Maroon,www.bonjourretail.com/cdn/shop/products/BRO9304-PO3-Red-2.jpg?v=1664352182,329.00
Men Health Socks (Black),www.bonjourretail.com/cdn/shop/products/ZS9907-Black.jpg?v=1619693221,239.00
Plain Knitted Tights For Girls In Skin Color,www.bonjourretail.com/cdn/shop/products/BT4050-Skin_115aca74-afd2-4b00-89d5-ba03dadbfb59.jpg?v=1664352728,234.00
Plain Knitted Tights For Girls - Black,www.bonjourretail.com/cdn/shop/products/BT4050-BK.jpg?v=1619692859,234.00
Men's Health Socks (Dark Grey),www.bonjourretail.com/cdn/shop/products/ZS9907-Dk.Grey.jpg?v=1619693245,239.00
Plain Knitted Tights For Girls - White,www.bonjourretail.com/cdn/shop/products/BT4050-White_9b7efb03-ec5b-4bc9-9a79-6f65bbd50437.jpg?v=1664352729,234.00
Plain Knitted Tights For Girls - Dark Grey,www.bonjourretail.com/cdn/shop/products/BT4050-DK.Grey.jpg?v=1664352728,234.00
Double Layer Socks for Winter in Medium Size,www.bonjourretail.com/cdn/shop/products/doublelayer.jpg?v=1627115449,"1,295.00"
Women's Woolen Socks (Black) - Pack of 3,www.bonjourretail.com/cdn/shop/products/BROGWL-15B-PO3.jpg?v=1621839617,635.00
Men's White Cushioned Ankle Sports Socks - Pack of 3,www.bonjourretail.com/cdn/shop/files/BRO3012S-PO31.jpg?v=1695886350,269.00
Women's Plain Knitted Cotton Stockings In Skin Color,www.bonjourretail.com/cdn/shop/products/BT4050-Skin_39de2eb0-c126-4b63-9adb-5862e2e95c7d.jpg?v=1664353714,473.00
Women's Plain Knitted Cotton Stockings - White,www.bonjourretail.com/cdn/shop/products/BT4050-White_edc2e7dc-18fb-40f1-b2df-32efbf99e366.jpg?v=1664353714,473.00
Men Health Socks (Light Grey),www.bonjourretail.com/cdn/shop/products/ZS9907-Lt.Grey.jpg?v=1619693244,239.00
Women Winter Socks with Merino Fibers,www.bonjourretail.com/cdn/shop/products/BROGWL-15-Black.jpg?v=1629352166,212.00
Shorts For Women,www.bonjourretail.com/cdn/shop/products/RAJ_7489finalm.jpg?v=1626504839,431.00
Women's Plain Knitted Cotton Stockings - Black,www.bonjourretail.com/cdn/shop/products/BT4050-BK_f64917f9-8c7c-4f1e-bec0-b7b52efc5a62.jpg?v=1619692885,473.00
Men's Solid Track Pant - Olive,www.bonjourretail.com/cdn/shop/files/107A0105_0008_107A0109.jpg?v=1692440709,801.00
Plain Knitted Shorts For Women - Navy,www.bonjourretail.com/cdn/shop/files/107A8162final_0004_107A8171final.jpg?v=1694596571,539.00
Plain Knitted Shorts For Women - Black,www.bonjourretail.com/cdn/shop/products/VM9002-Black-1.jpg?v=1664352715,539.00
Plain Knitted Shorts For Women - Charcoal Grey,www.bonjourretail.com/cdn/shop/products/VM9002-Grey-1.jpg?v=1664352715,539.00
Plain Knitted Shorts For Women - Astral Aura,www.bonjourretail.com/cdn/shop/products/VM9002-AstralAura-1.jpg?v=1664352715,539.00
Plain Knitted Shorts For Women - Dahlia,www.bonjourretail.com/cdn/shop/products/VM9002-Dahila-1-w.jpg?v=1664352715,539.00
Men's Men's Solid Knitted Shorts - Olive,www.bonjourretail.com/cdn/shop/files/107A0262_0010_107A0267.jpg?v=1692442825,584.00
Women Printed Casual Shorts,www.bonjourretail.com/cdn/shop/files/107A7315final_0004_107A7319final.jpg?v=1694587594,431.00
Printed Shorts For Women,www.bonjourretail.com/cdn/shop/files/07A7432final_0004__07A7436final.jpg?v=1694586643,431.00
Women's Grey Panty Hose Stockings Tights,www.bonjourretail.com/cdn/shop/products/BT4050-DK-Grey_cd375339-5cbd-4400-a6f2-7dcb82e7de32.jpg?v=1664353714,473.00
Double Layer Winter Large Socks,www.bonjourretail.com/cdn/shop/files/1_cfab61bb-67de-4e75-bd54-eda846b7959c.jpg?v=1695364355,629.00
Men's Health Socks (Beige),www.bonjourretail.com/cdn/shop/products/ZS9907-Beige.jpg?v=1619693222,239.00
Crikbuzz Combo Pack Of Loafer Socks & Beer Can Cover - Red,www.bonjourretail.com/cdn/shop/products/33.jpg?v=1664351617,249.00
Men Health Socks (Brown),www.bonjourretail.com/cdn/shop/products/ZS9907-Brown.jpg?v=1619693222,239.00
Girls Anti-Skid (Gripper) Yoga Socks In Combo - Pack Of 2,www.bonjourretail.com/cdn/shop/products/BRO8655PR-PO2-3.jpg?v=1672918205,358.00
Vami Women's Cotton Stretchable Churidar Legging - Shell,www.bonjourretail.com/cdn/shop/products/VM1001_52__1_10d821a2-dd3a-47b4-bbab-56b7d42edef2.jpg?v=1619693667,449.00
Men's Health Socks (White),www.bonjourretail.com/cdn/shop/products/ZS9907-White.jpg?v=1619693248,239.00
Girls Anti-Skid (Gripper) Yoga Socks In Skin Color -  Pack Of 2,www.bonjourretail.com/cdn/shop/products/webside.jpg?v=1664351743,358.00
Men's Cotton Solid  Loungewear - Anthara Mill,www.bonjourretail.com/cdn/shop/files/107A9987_0003_107A9990.jpg?v=1692954354,"1,791.00"
Men's Cotton Solid  Loungewear - Dutch Blue,www.bonjourretail.com/cdn/shop/files/107A9975_0011_Layer0.jpg?v=1692953873,"1,791.00"
Men Multicolored Ankle Socks- Pack of 4,www.bonjourretail.com/cdn/shop/products/BRO7007-PO3_1_e1e2883c-e65b-4073-a1a1-3ed42ca60ed4.jpg?v=1664352115,648.00
Women's Printed Night Suit Set of Shirt & Shorts - Pink,www.bonjourretail.com/cdn/shop/products/VM11009-PR001.jpg?v=1664353754,"1,259.00"
Women's Plain Knitted Capri - Black,www.bonjourretail.com/cdn/shop/products/VM10503-Black-1.jpg?v=1664353694,674.00
Women's Plain Knitted Capri - Purple,www.bonjourretail.com/cdn/shop/products/VM10503-Dahila-2.jpg?v=1664353704,674.00
Women's Plain Knitted Capri - Charcoal Grey,www.bonjourretail.com/cdn/shop/products/VM10503-CharcoalGrey-2.jpg?v=1664353694,674.00
Women's Plain Knitted Capri - Navy,www.bonjourretail.com/cdn/shop/products/VM10503-AstralAura-4.jpg?v=1664353694,674.00
Men's Health Socks In Cream Color,www.bonjourretail.com/cdn/shop/products/ZS9901-Cream_2559dfa3-d843-433a-b83f-961f577e6e50.jpg?v=1664352384,239.00
Hot Wheels Knitted Stripped design Baby Tights - Red,www.bonjourretail.com/cdn/shop/products/BRO4058-Red.jpg?v=1619692568,306.00
Crikbuzz Combo Pack Of Loafer Socks & Beer Can Cover - Black,www.bonjourretail.com/cdn/shop/products/IMG_465352.jpg?v=1664351606,249.00
Hot Wheels Knitted Stripped Design Baby Tights - White,www.bonjourretail.com/cdn/shop/products/BRO4058-White.jpg?v=1619692593,289.00
Hot Wheels Knitted Stripped Design Baby Tights,www.bonjourretail.com/cdn/shop/products/BRO4058-Delf.jpg?v=1619692571,289.00
Doraemon Knitted Baby Boy Tight - Light Grey,www.bonjourretail.com/cdn/shop/products/BRO4055-Lt.GreyMill.jpg?v=1619692439,289.00
Doraemon Knitted Baby Boy Tight - White,www.bonjourretail.com/cdn/shop/products/BRO4055-White.jpg?v=1619692439,289.00
Women Printed Casual Shorts,www.bonjourretail.com/cdn/shop/files/07A7444final_0003__07A7445final.jpg?v=1694586594,431.00
Crikbuzz Combo Pack Of Loafer Socks & Beer Can Cover - Grey,www.bonjourretail.com/cdn/shop/products/IMG_4730....jpg?v=1664351606,249.00
Vami Women's Cotton Stretchable Churidar Legging - Chocolate,www.bonjourretail.com/cdn/shop/products/IMG_8364finalw_dd6b2ecb-2cde-4bfd-b361-f09609e8dfbb.jpg?v=1664352978,449.00
Vami Women's Cotton Stretchable Churidar Legging- Black,www.bonjourretail.com/cdn/shop/products/IMG_8350finalww_8fd40413-7451-41eb-8e46-ebe66d9b8a2a.jpg?v=1664353133,449.00
Crikbuzz Combo Pack Of Loafer Socks & Beer Can Cover - Navy,www.bonjourretail.com/cdn/shop/products/IMG_4781...jpg?v=1664351606,249.00
Women's Printed Night Suit Set of Shirt & Capri - Pink,www.bonjourretail.com/cdn/shop/products/VM11008-PR002-4.jpg?v=1664353754,"1,349.00"
Women's Printed Night Suit Set of Shirt & Capri - White,www.bonjourretail.com/cdn/shop/products/VM11008-PR001-5.jpg?v=1664353754,"1,349.00"
Women's Fawn Woolen Socks - Pack of 3,www.bonjourretail.com/cdn/shop/products/BROGWL-15-F-PO3.jpg?v=1621839518,635.00
Women's Printed Night Suit Set of Shirt & Lower,www.bonjourretail.com/cdn/shop/products/VM11010-PR001-1.jpg?v=1664353754,"1,709.00"
Barbie Knitted Baby Girl Tights,www.bonjourretail.com/cdn/shop/products/BRO4052-Neon-Lt-Pink.jpg?v=1619692295,306.00
Bontact Men's Plain Regular Fit Thermal Bottom - Off White,www.bonjourretail.com/cdn/shop/products/BT16002b-White-1.jpg?v=1664351522,494.00
Bontact Men's Plain Regular Fit Thermal Bottom - Olive,www.bonjourretail.com/cdn/shop/products/BT16002b-Olive-1.jpg?v=1664351522,494.00
Women's Ultra Soft 4 Way Stretchable Plain Churidar Cotton Leggings - Teal,www.bonjourretail.com/cdn/shop/products/VM1001_14__1.jpg?v=1664353806,449.00
Women's Ultra Soft 4 Way Stretchable Plain Churidar Cotton Leggings - Jealous Orange,www.bonjourretail.com/cdn/shop/products/VM1001_84__1.jpg?v=1664353800,449.00
Women's Ultra Soft 4 Way Stretchable Plain Churidar Cotton Leggings - Pensy,www.bonjourretail.com/cdn/shop/products/VM1001_45__1.jpg?v=1664353800,449.00
Women's Ultra Soft 4 Way Stretchable Plain Churidar Cotton Leggings - Rose Bud,www.bonjourretail.com/cdn/shop/products/VM1001_58__1.jpg?v=1664353806,449.00
Women's Ultra Soft 4 Way Stretchable Plain Churidar Cotton Leggings - Faded Rose,www.bonjourretail.com/cdn/shop/products/VM1001_57__1.jpg?v=1664353800,449.00
Vami Women's Cotton Stretchable Churidar Legging - Dark Chocolate,www.bonjourretail.com/cdn/shop/products/IMG_8364finalw_7d8c9f53-6f16-4d41-9762-e05d9076fccd.jpg?v=1664352988,449.00
Vami Women's Cotton Stretchable Churidar Legging - Soft Peach,www.bonjourretail.com/cdn/shop/products/VM1001_93__1.jpg?v=1664353103,449.00
Vami Women's Cotton Stretchable Churidar Legging - Paradise Green,www.bonjourretail.com/cdn/shop/products/IMG_8242finalww.jpg?v=1619695055,449.00
Vami Women's Cotton Stretchable Churidar Legging - Peach Echo,www.bonjourretail.com/cdn/shop/products/IMG_8295finalww.jpg?v=1622720958,449.00
Vami Women's Cotton Stretchable Ankle Leggings - Fire,www.bonjourretail.com/cdn/shop/products/694A3238finalm_e5245ea0-765e-48bb-9510-8c5b446e2c8f.jpg?v=1619694704,404.00
Vami Women's Cotton Stretchable Ankle Leggings - Empire Yellow,www.bonjourretail.com/cdn/shop/products/694A3238finalm..jpg?v=1619694702,404.00
Vami Women's Cotton Stretchable Ankle Leggings - Vibrant Orange,www.bonjourretail.com/cdn/shop/products/694A3238finalm_643e1b44-3864-467e-83c5-d8b3dafeddae.jpg?v=1619694702,404.00
Vami Women's Cotton Stretchable Ankle Leggings - Imperial Purple,www.bonjourretail.com/cdn/shop/products/694A3256finalm_722fd364-f224-4509-8b74-83f9cdde72eb.jpg?v=1619694702,404.00
Vami Women's Cotton Stretchable Ankle Leggings - Dark Chocolate,www.bonjourretail.com/cdn/shop/products/694A3248finalm.._25ee463a-e912-4890-844e-61784de7dee3.jpg?v=1619694703,404.00
Vami Women's Cotton Stretchable Ankle Leggings - Sapphire,www.bonjourretail.com/cdn/shop/products/694A3266finalm_cd267572-7b47-452f-85b8-345e75bfc443.jpg?v=1619694704,404.00
Vami Women's Cotton Stretchable Ankle Leggings - Shell,www.bonjourretail.com/cdn/shop/products/694A3335finalm_34786372-7cd6-4179-9fbe-11e569d5903c.jpg?v=1619694705,404.00
Vami Women's Cotton Stretchable Ankle Leggings - Pepper Green,www.bonjourretail.com/cdn/shop/products/694A3327finalm...jpg?v=1619694676,404.00
Vami Women's Cotton Stretchable Ankle Leggings - Royal Pink,www.bonjourretail.com/cdn/shop/products/694A3343finalm...jpg?v=1619694675,404.00
Vami Women's Cotton Stretchable Ankle Leggings - Aquamarine,www.bonjourretail.com/cdn/shop/products/694A3266finalm_b30f15b9-cae2-4885-92b7-a3ae1bbf01be.jpg?v=1619694672,404.00
Vami Women's Cotton Stretchable Ankle Leggings - Marigold,www.bonjourretail.com/cdn/shop/products/694A3238finalm_7fd3ab0b-3c4e-4479-9e5f-2b7f260b622c.jpg?v=1619694673,404.00
Vami Women's Cotton Stretchable Ankle Leggings - Chocolate,www.bonjourretail.com/cdn/shop/products/694A3248finalm.._e2af968f-6da2-4d63-b93c-7328954a3e70.jpg?v=1619694673,404.00
Vami Women's Cotton Stretchable Ankle Leggings - Rich Green,www.bonjourretail.com/cdn/shop/products/694A3327finalm....jpg?v=1619694674,404.00
Vami Women's Cotton Stretchable Ankle Leggings - Queen,www.bonjourretail.com/cdn/shop/products/694A3335finalm_a97b085a-9bf3-44fd-9cf3-433fa2767da3.jpg?v=1619694672,404.00
Vami Women's Cotton Stretchable Ankle Leggings - Red,www.bonjourretail.com/cdn/shop/products/694A3248finalm.._7f3ac9f9-c0c7-43aa-a28f-64fd0213e573.jpg?v=1619694674,404.00
Vami Women's Cotton Stretchable Ankle Leggings - Maroon,www.bonjourretail.com/cdn/shop/products/694A3248finalm.._e8872e13-5830-4050-aa6b-9c01c8980612.jpg?v=1619694671,404.00
Vami Women's Cotton Stretchable Ankle Leggings - Off White,www.bonjourretail.com/cdn/shop/products/694A3537finalm_6c03294b-88c4-4c13-a581-2985477f9f62.jpg?v=1619694671,404.00
Vami Women's Cotton Streachable Ankle Leggings - Navy,www.bonjourretail.com/cdn/shop/products/694A3651finalm.jpg?v=1619694473,404.00
Vami Women's Cotton Stretchable Ankle Leggings -  Green,www.bonjourretail.com/cdn/shop/products/694A3229finalm.jpg?v=1619694440,404.00
Vami Women's Cotton Ankle Legging - True Red,www.bonjourretail.com/cdn/shop/products/694A3248finalm.jpg?v=1619694442,404.00
Vami Women's Cotton Stretchable Ankle Leggings - Sun Flower,www.bonjourretail.com/cdn/shop/products/694A3238finalm.jpg?v=1619694445,404.00
Vami Women's Cotton Stretchable Ankle Leggings - Ink Blue,www.bonjourretail.com/cdn/shop/products/694A3266finalm.jpg?v=1619694443,404.00
Vami Women's Cotton Stretchable Ankle Leggings -  Parsley Green,www.bonjourretail.com/cdn/shop/products/694A3327finalm.jpg?v=1619694443,404.00
Vami Women's Cotton Stretchable Ankle Leggings - Fuchsia,www.bonjourretail.com/cdn/shop/products/694A3335finalm.jpg?v=1619694445,404.00
Vami Women's Cotton Stretchable Churidar Legging - Natural Tan,www.bonjourretail.com/cdn/shop/products/VM1001_92__1_60570010-26c5-491f-b36d-d3f8a1077510.jpg?v=1619693741,449.00
Vami Women's Cotton Stretchable Churidar Legging - Perfect Skin,www.bonjourretail.com/cdn/shop/products/VM1001_91__1.jpg?v=1619693745,449.00
Vami Women's Cotton Stretchable Churidar Legging - Ocean Blue,www.bonjourretail.com/cdn/shop/products/VM1001_90__1.jpg?v=1619693724,449.00
Vami Women's Cotton Stretchable Churidar Legging - Jolly Green,www.bonjourretail.com/cdn/shop/products/VM1001_89__1_063b8f1c-7ee2-45f8-bbdf-261365b05475.jpg?v=1619693722,449.00
Vami Women's Cotton Stretchable Churidar Legging - Magic Pink,www.bonjourretail.com/cdn/shop/products/VM1001_87__1.jpg?v=1619693723,449.00
Vami Women's Cotton Stretchable Churidar Legging - Shocking Lime,www.bonjourretail.com/cdn/shop/products/VM1001_83__1_030d7c38-c604-4531-a9e2-8f17547d8ae2.jpg?v=1619693725,449.00
Vami Women's Cotton Stretchable Churidar Legging - Electro Pink,www.bonjourretail.com/cdn/shop/products/VM1001_82__1_bd7f13aa-25da-4290-bfb0-327e842c5a5e.jpg?v=1619693723,449.00
Vami Women's Cotton Stretchable Churidar Legging - Ink Blue,www.bonjourretail.com/cdn/shop/products/IMG_8255finalww.jpg?v=1664353012,449.00
Vami Women's Cotton Stretchable Churidar Legging - Baked Apple,www.bonjourretail.com/cdn/shop/products/IMG_8364finalw.jpg?v=1664352954,449.00
Vami Women's Cotton Stretchable Churidar Legging - Wild Dove,www.bonjourretail.com/cdn/shop/products/VM1001_78__1.jpg?v=1619693705,449.00
Vami Women's Cotton Stretchable Churidar Legging - Victoria Blue,www.bonjourretail.com/cdn/shop/products/VM1001_76__1_f223a452-1545-4b71-b9ce-fe254caeeb00.jpg?v=1619693707,449.00
Vami Women's Cotton Stretchable Churidar Legging - Empire Yellow,www.bonjourretail.com/cdn/shop/products/VM1001_75__1_1c0713dd-bdb1-436c-9256-082d499ee013.jpg?v=1619693704,449.00
Vami Women's Cotton Stretchable Churidar Legging - Golden Glow,www.bonjourretail.com/cdn/shop/products/VM1001_74__1.jpg?v=1619693702,449.00
Vami Women's Cotton Stretchable Churidar Legging - Golden Palm,www.bonjourretail.com/cdn/shop/products/VM1001_73__1_206b749a-cdb9-4745-8c36-6efc8b913f62.jpg?v=1619693705,449.00
Vami Women's Cotton Stretchable Churidar Legging - Nugget,www.bonjourretail.com/cdn/shop/products/IMG_8185final.ww.jpg?v=1664353063,449.00
Vami Women's Cotton Stretchable Churidar Legging - Spring Bud,www.bonjourretail.com/cdn/shop/products/IMG_8308finalww.jpg?v=1664353108,449.00
Vami Women's Cotton Stretchable Churidar Legging - Jasmine,www.bonjourretail.com/cdn/shop/products/VM1001_70__1_c86dd74e-1ad5-4013-bb1d-9477e0be493b.jpg?v=1619693704,449.00
Vami Women's Cotton Stretchable Churidar Legging - Turtle Green,www.bonjourretail.com/cdn/shop/products/VM1001_69__1_842dba8c-f2ac-4091-8399-8652cbc382cc.jpg?v=1619693703,449.00
Vami Women's Cotton Stretchable Churidar Legging - True Blue,www.bonjourretail.com/cdn/shop/products/VM1001_68__1_a76c35d7-03fe-44d5-8330-49c97e4d2f54.jpg?v=1619693707,449.00
Vami Women's Cotton Stretchable Churidar Legging - True Red,www.bonjourretail.com/cdn/shop/products/VM1001_67__1.jpg?v=1619693686,449.00
Vami Women's Cotton Stretchable Churidar Legging - Grass Hopper,www.bonjourretail.com/cdn/shop/products/VM1001_66__1_069b0386-f110-4886-825d-5ab684cc6bec.jpg?v=1619693685,449.00
